,½Å³²¿ô±è,°¨µ¿»ç¶û,°¨Åº,Ãæ°Ý°øÆ÷,½½ÇÄ,È­³²
0,^^**,ÆÈ·Î,Ã¼°í,Á÷Àå,,
1,¿ì½ÂÇß,´Ù´Ñ,¸ÚÁ®,Á¤ÀÇµµ,,³â
2,¤»¤»¤»¤»¤»¤»¤»¤»¤»¤»¤»¤»¤»¤»¤»¤»¤»¤»¤¼¤¼¤¼¤¼¤»¤»¤»¤»¤»¤»¤»,²÷±â,Ä÷¸®Æ¼,µû¸®,,
3,¿é,´ê´Â,½ÉÄô»ç,ºÒ°úÇÏÁö,±«·ÓÈ÷,
4,ÇØº¸ÀÚ,ÀúÀå,Áö»ç,!!!!!!!!!,¤¿¤©,°íÇÏ
5,·Îº¸Æ®,·¹Àüµå,¾ÆÇÏ,¸¸ÀÌ,°í¹ÎÇÏ´Ù,Ä§ÇØ
6,¤¼¤»¤»,°ßµ±,¹¹Â¡,ÀÌ¸¾¶§,”f¾î,´À³Ä
7,±èÀÚ,ÃËÃËÇÔ,ÇÏ¾ß,µ¥·Á¿À¼¼,¸¸Å­Àº,³ë¶ó
8,ÄªÂù,ÇØµå·È,µÇÀð,?;;,¶°³­,
9,º¸ÀÚ,½Í°í,¿¡¸¸,²ã,,;;...
10,ºÐ¸í,»ó³ÉÇØ,ÀçÁÖ,¿ìÀ¡,ºýºý,
11,¸¹¾ÆÁ³,Â°´Ï,´«ºû,¾ÆÇÂ,´çÇÞ,½ÃºÒ
12,¤»¤»¤»¤»¤»¤»¤¼¤»,±Ù·¡,»ï,¤¾¤µ¤¾,¿ó´Ï,¹ñ°Å
13,½ÇÈ£,relationships,³ªÀÌÆ®,µû¶óÇÏ´Â,¶Ç¸£,
14,¤»¤»¤»¤»¤»¤»¤»¤»¤»¤»¤»¤»¤»¤»¤»¤»¤»¤»¤»¤»¤»¤»¤»¤»¤»¤»¤»¤»¤»¤»¤»¤»¤»¤»¤»¤»¤»¤»¤»¤»¤»¤»¤»¤»¤»¤»¤»¤»¤»¤»¤»¤»¤»¤»¤»¤»¤»¤»¤»¤»¤»¤»¤»¤»¤»¤»¤»¤»¤»¤»¤»,²É±æ,¤·¤¸,¾ó°Å,¾Þ,
15,¾Æ´Ò,´äº¯,»Õ»Õ,·¡¾ß,ÇÑ°­,
16,Ä«µåÄ¸ÅÍ»çÄí¶ó,À¯¹®,´ë´ÜÇÏ¼¼,Å¸³ª,º÷´Ï,½ÃÅ°´Â
17,Â§,ÁÔ³»,½ºÅä¾î,»·ÇÞ,°÷µµ,±×¸¸ÇØ
18,¿À´­,Áúµå·¹,¿À¿À¿À¿À¿À¿À¿À¿À,¼÷Ãë,Âõ,
19,¹æÁ¾,À§·Î,ÀÐ±â,¸¸¾à,µå¶ó¸¶Æ½,µÚÁú
20,ÇÏÀç,Èû³»Àð,ÇÊ,Á¦Ãâ,,
21,¤¤¤»¤»,Á¸Àç,Á÷,Àß¸øÇß,·´,
22,¿¹Àü,½ÃÁö,°£´Ü,¹Ù¼¼¸°,¾Ê´Ï,°³»õ²¥
23,¿ô±â,´À³¤,Àß»ý°Ü,¹«µµ,°íÄ¥,½â¾î
24,¤¡¤»¤»¤»,»ìÂî´Â,ÇØ³Â,¡Æ¡Æ,,½Î¿ï
25,¤¾¤¾¤¾¤¾¤¾,±âÆ¯,È­º¸,¼ºÃßÇà,±íÀº,¿Â°®
26,¤»¤¼¤¼¤¼¤»¤¼¤»,´À²¸Áü,¹¦,ÅëÇØ,¸¸µå´Â,
27,¤¡¤»¤¡¤»¤¡¤»¤¡¤»¤»¤¡¤»,°¢±â,¿µ¿õ,³ª°¡´Â,°³¼­·´,¶óÁö
28,¤»¤¼¤¼¤»¤»¤»¤»¤»¤»¤»,¾Ê°Ô,¿Ã¸±,È²,¿ì¿ïÇÏ´Ù,¾îÂ¼
29,´ç¼ö,because,.....?????,±â½À,,
30,ÀÏ³¡,»ý°¢ÇÏ¸ç,´õ¿í,???????????,ÀÌ·¯ÄÉ,³»·Á
31,¿À•Ì,¿ö³Ê,°½,ÈéÈæ,,
32,´Ü¸®¹Ô,¸¸¿ø,½Ã¿ø,¹Ö¸æ,,
33,°­¾ÆÁö,½Ã¾ß,Â¯¸À,´çÈ²,,Á¤Ä¡
34,¤È,¸»ÇØ,¼ÓÆí,Å°¿ö,,ÅÍÁø
35,µÍµõÇÏ,Ç³,·ñ,ÇØÁÖ´Â,·ª,¾¸
36,Áö·Ç,".,",¤Æ,Àá½Ã,¹«¸­,¾ê±âÇß
37,¸»°³,¾Ç¼¼»ç¸®,›§À»±î,À÷,±×´ë,¶ó¸¶
38,°íµîÇÐ»ý,ÇÞ¿À,¿À¿ì,±èÁ¤Àº,Áõ¸»,ÇÏ´õ
39,ÀÎ¾î,Ãµ»ç,²ø·Á,´Ã¾î³­,¼ö°¡,
40,¹Ý°©,½Î¿ö,¤²¤²¤²¤¡,",,?",´ÀÀ¸À¸À¸,±Ù
41,Ãô¼Ò,µ©,Èå¾ï,Á¿µÌ,,ÅÖÅÖ
42,šZ½Ã°£,°ÉÀ¸,µû¶æÇØ,µµ³­,ºÀÁ¦,
43,¼Ó¹°,¿î¸í,¿ÍÄ³,ÀÏ¾î³¯,Çõ,ÇÏÀð
44,µµ¶õ,¼ÒÁ¤,±æ°Å¸®,²ø,°¡Å¸,
45,¤»¤»¤»¤»¤»¤»¤»¤»¤»¤»¤»¤»¤»¤»¤»¤»¤»¤»¤»¤»¤»¤»¤»¤»¤»¤»¤»¤»¤»¤»¤»¤»¤»¤»¤»¤»¤»¤»¤»¤»¤»¤»¤»¤»,ºû,ÀÎ°Å,È£¿¡¿¡,Èû³»±¸,Àâ³×
46,¤»¤»¤»¤»¤»¤»¤»¤±¤º,°¨»çÇÏ°í,³í¹®,¸®°¡,Áý»ç,¹àÈ÷´Â
47,¼º¾ÖÀÚ,¿©¸°,ÇÑÃ¢,????,,¿åÇÏ°í
48,¿ô±â³Ä,À®,¹Ò,³»·Á°¡´Â,¤Ì¤±¤Ì,
49,µðÁúŽL,Á¶½ÉÈ÷,¼ö°íÇÏ¼Ì,ÀÚ½Ã,¹Þ¾ÆµéÀÏ,
50,....^^,¤Ì¤Ð,³ª¿Ô,°³½Å,,
51,ÇØ³¾,´Ê,~^^,¼Ò¸§,·ê½º,
52,¤¾¤¾¤¾¤¾¤¾¤¾¤¾,ÄÜ¼­Æ®,Âû¶±,±âÇØ,À¯Ãò¾²,ÇÑ½ÉÇÑ
53,Á¤¸¾,¸Ô°Ú,¾ß³ë,È£±¸,Ye,
54,±âÇÇ,Á¹¸À,¤§¤§¤§¤§¤§¤§,°³·ÓÈ÷Áö¸¶,Èë,ºé½Å
55,ÀÌµæ,ÄªÂùÇÒ,°¬±¸†E,Å°À§,ºýºýÀÌ,
56,²¥¸£¸£,¿¹»½,³×³×,ÂÑÀ¸,ÀÚ»ìÇÒ,²ø¾î
57,ÇØÁá,¾óÇÍº¸,?????????????,?..,½É¶õ,°©Áö
58,¾ÈÀÚ,±Û±¸,³î¶ø,Á¸ÀçÇÑ,¾ø°Å,Æ²¸²¾ø
59,-,¸ÚÀÖ´Â,Á¸Àß´Ô,¹ßÇ¥,³­´ë,¼û
60,¹«´ç°Å¹Ì,¿©µµ,È£°­,ÆÄÆ®,Áß´ë,Ã£°í
61,ÁÙÀÎ,¼ö´Ù,¼ÒÁßÇÏÁö,³ª½Ã,¸¶Ä¡,Âï¾î
62,¤»¤¼¤¼¤¼¤¼¤¼¤»¤»¤»¤»¤»¤»¤»¤»,°ø¿¬Àå,¤¤¤·,Åä·Ð,,18
63,¸Ó°¡ÁÁÚ,Àç¹Ì¾ø,Á¤°ü,´ÊÀá,´çºÐ°£,
64,½º¼¦,¾µµ¥¾ø,ÀßÇØ¾ß,Çì¾îÁö´Â,´ëÀÚ,»óµµ
65,",,,~,,,~,,,~,~",¸®³ª,ÀûÀýÇÏ´Ù,°³Áö,¾Æ»ç,¾ø¾Ö°í
66,ÀÏÅÙµ¥,È¸»ö,Á¸¿¹,¼Ò³ª¹«,·Ôµ¥,¼î
67,¸»¶Ò,ÆíÁö,·ò¾ó,½ÅÃ»,¼­·´,
68,°³»Ô,³ó´ã,¼Ë±¸,ÀÍ,¡¦,¸íºÐ
69,¸®µù,its,Áß¿äÇÏ°Å,¹ÌÄ¥,ÆÑÆø,³ª»Ü
70,¿ÁÀÚ,»ç¶ûÇÑ,^_^,...;;;,¹°·Á,±æ·¯
71,Å°¿ìÁö,Á¶Â÷,Èò,½ÄÄ®,½ÉÇÏ½Ã,ÇÏÁú
72,¤»¤»¤»¤»¤»¤¼¤»¤¼¤»¤»¤§¤»,if,¿Ï¼º,È­³ª¼­,¾È¾²·´,»çÀÌ
73,¤»¤¼¤¼¤»¤»¤»¤»¤»¤»¤»¤»¤»¤»¤»¤»¤»¤»¤»¤»¤»¤»¤»¤»¤»¤»¤»¤»¤»¤»¤»¤»¤»¤»¤»¤»¤»¤»¤»¤»¤»¤»¤»¤»¤»¤»¤»¤»,µÆ,Àß»ý±â,.....?,;;.,Ä£°¡
74,Á¹,È¤»ç,»ó»ó,µ¸¾Æ,ÀáÁ»,¿©·µ
75,Âó,Ãß°í,ÆÙ,À¡,,Çø
76,°í·ÎÄÉ,µ¹¾Æ°¡¼­,Ä±Â»,»¨¾Ò´ç,¶Û,³Ê¸ð
77,¼¼¿öÁ®,~~!!,´ë½Å,µµ¹«Áö,,
78,ÃÖ´ë,µµ·Ï,Àý,¿¤¸®,,
79,¤»¤»¤»¤»¤»¤»¤»¤¼¤¼¤¼,¿ÖÄ³,",?",£¼,,¤§¤º
80,¤»¤»¤»¤»¤»¤»¤»¤»¤»¤»¤»¤»¤»¤»¤»¤»¤»¤»¤»¤»¤»¤»¤»¤»¤»¤»¤»¤»¤»¤»¤»,Ã¢Ãµ,¸ðµå,..?!!,,°¡¸£
81,ÈÆº´,°î,¸Ô´Ù,ÁÖ½Ã,¹èÅ»,±â»ç
82,¤»¤»¤¢¤»¤»¤»¤»,³ªÀÓ,¾öµÎ,ºÒ»ó,,¸¸³ª¾ß
83,Å¸ÀÝ,ÀÓ¸í,ÇÁ·ÎÁ§Æ®,................,Áö¾ú,°í·Á
84,¹Ù²ã,±Ã,Ç¥Çö,¤Ì¤Ì¤Ì¤Ì¤Ì¤Ì¤Ì¤Ì¤Ì¤Ì,,ÅÍ¶ß¸®
85,´ë½Ã,¼¼Æ÷,ÀÏÄù,Á¦µµ,¤Ð¤Ð¤Ì,¶Ò¹è±â
86,Å°µæ,º¸¿©,¹æ¼Û,µÅ´Â,,Æì
87,›§,·Å,½Â,Áö±¸¿Â³­È­,¶ó´Ï,¿åÇÏ´Â
88,Èå¸§,Á¶Èì,¸éÀÌ,°¥¾ÆÀÔ,±îÁöÀÇ,½È´ø
89,»ý,Ã£¾Æ¿Ã,¾ÆÆ®,.....????????,Á×¾î,±â¿Í
90,¹Ý°¡¿ö,º¼¶§,½ÉÁ¤,´Ï¹Ì·²,ÆÛÁø,Å²
91,ºÎÅ¹µå·Á,±â´Ù·Á,Àß»ý±ä,ºê±Ý,°¨Èï,ÆÐ°Å¸®
92,¿îÃ´,Áö¹Î,½ºÅ²,±î¸Ô,À§ÇèÇÑ,¾àÇØÁ®
93,¹Ì´õ´ö,¸¶³É,ÆíÇØ,Çã¶ô,Â÷°Ô,
94,³î·Á,·¯ºê,±¤,¾÷Â¼,±âº»,
95,¤»¤»¤»¤¸¤¤,¼¼½É,À¯,½º·¯¿ö,,ÃÂ
96,º´¸À,ÅÁÅÁ,ºÎ·¯,´çÇß,Å«ÀÏ,
97,Àç¼ö,Çàº¹Çß,Áö½Ä,Ä»°Å·ç,Äñµ¹,
98,¼Ø,ÈÇ,¸ÚÀÖ´Ù,°Å½Ç,???...,°³»õ³¢
99,À¸È÷ÆR,ÇÏ´Ï,¿Ã¶ó¿È,°ÅºÎ,,
100,~~~><,´õ´õ,¤·¤Ñ¤¤,¾Öµå¸®ºê,°¡·Á,
101,µé¾ú,½î,ÇÓ¾Æ,Ä³¸®¾î,,
102,¾î·È,Ãµ»ý¿¬ºÐ,±â´ëµÇ´Â,°ø°Ý,¾Ö¾Ö,
103,½Ã“U,»ç¸®,¸ÚÀÖ¾î,¸Ó°Å,´çÇÒ,´ÚÃ­
104,´­·¶¾ý,°¡¼Å,¤¡¤»¤»¤»¤»¤¡,»ý¹°,¤Ð¤±¤Ð,
105,ÁÖ½É,´Þ´Þ,°¥¼ö·Ï,¹«¼­,»ç¸±°Ô,
106,ÁøÂî,»ý°¢ÇÏ¸é,¿ëÁØÁÂ,ÀÒÀº,Áã²¿¸®,¶óÀÎ
107,¾Ë¾Ò¾ý,¸¹°í,È­²ö,ÀÌ¾È,¿ÀÀü,Çø¿À
108,ˆª,ÁöÅ´,¼ú¼ú,½ÅÁö,¼­·¯,
109,µµÇÖ,³ª¾È,ºÎÁö·±ÇÏ½Ã,¾ö¹Ð,,¹ú¾îÁú
110,¸»ÇØµµ,ÇØº¸Áö,????????????????//////////,·¹Æý,¿ì¿ì,;;;;;
111,ºÎ´ã½º·´,¿¡ÀÌ,½¸µ¹ÀÌ,¾Æ¹«·¡,½º¸£,
112,¾ÈÇßˆ¼,³²Áö,¤»¤»¤»¤»¤»¤»¤¼¤¼¤¼¤¼¤¼,",.,",½Ã¸®,
113,ÈËÈË,ÇÑ°á,°¡º»,¿¢,¿À¼ö,
114,½ò,°Å°­,¿Ïº®ÇÑ,~?,¸ÁÇÔ,
115,³k,µé¾îÁÖ¼Å,È÷·Î,±×°Ç,°¡Ä¡,»ó´ç
116,È¸È­,¸Æ,ÀÌ´ë·Î,¼¯¾î,¿Ó,
117,¹°¾à,¿µÈ­·Î,ÀÐÈ÷,ÀÌ»óÇØ,ÀØÁö,
118,Çò°¥·È,´Ù¾çÇØ,µª,´ë¸ð,ºÎÄÚ,
119,Á®¼­,¹öÆ¿,±æÀº,»þ¿ö,°ú°Å,
120,Ÿå,ÁÁ¾ÆÇÕ,¶È¶ÈÇÑ,±¸¸¦,,Â÷´Ü
121,¹ÐÁý,¿ä¿À,Á¾Æ¯,¸à,,
122,¤»¤»¤»¤»¤¼¤»¤»,Á¸°æ,ÃÖ°í´Ù,Jun,,
123,½ÅÀÔ»ý,¹Ì«‰¾î,¿Ã¶ó°¨,¾Æ·Á,º¸³¾,
124,¿À º,°í¹ÎÇÏ°í,½Å±âÇÏ³×,½À´Ï±î,ÁÖ¸¤,Áö°Ü¿ö
125,(??,Á¦°øÇØ,¾¯,Ã¤¿ë,½½Æ÷,´õ·¯¿î
126,¸»°íµµ,ÃæºÐÇÏ°Ú,°³Â¼,Æ®,,ÀÌ±â¾ú
127,»ßÁø,³Ü,¹è¿ì,¾î¸°,,¾Ê´Ù
128,¤»¤»¤»¤»¤»¤»¤»¤»¤¼¤»¤µ¤¡,¬rÁÅ,Á¶¾Æ,Å°¿ì´Â,,ÃÄ¾¾ºÎ·È
129,°øÀÍ,À¯ÈÄ,Â¼·¯,´ú´ú,,
130,µû¶ó¿À,²É´Ù¹ß,Ç³ºÎÇÑ,¤¢¤¡,°Å°í,
131,¸ÔÈú,¸®±â,°­·ÄÇÑ,°Ë»ç,²Ý´Â,
132,Ä¸ÃÄ,º®,Ä£±Ù,È²´ç,À¸¿¡¿¡,
133,¼­´Ï,¹°µç,Àß»ý°å,¾Ö¾Ö¾Ö¾Ö,»ó²©,
134,¾Æ½Î,»ïÄ×,¤©¤©,Ã¬°Ü,ÀÌ¶ó´Ï,
135,ÇÊ¼ö,µüÈ÷,°Ç°­,Ã¬±ä,¾Ö±â,²¨Áö
136,°³µµ,Ãß°¡,µù,¾îÄ«,¾Ä¾î,
137,¤»¤»¤¼¤»¤»¤»¤»¤¼¤»¤»¤»¤»¤»¤»¤»¤»¤¼¤»¤»,ÈÄÈÊ,°Ý·Ä,ºÐ¼®,ºô,
138,Æ¢°Ü,…³,ÂüµÈ,°³³î·¨´Ù,Á¨Àå,
139,¤Ð¤»¤»,><>>><<,¿¹¼ú,¾Ä°í,¿ì¿ïÇÏÁÒ,¿åÇÔ
140,¹¹Áa,Á¶½Ä,¤Ã¤¾,Â¥°í,¶ô,°É·È
141,ÆÃ,ÆÅ,ÇÖ,³­»ý,Áê¸¤,
142,µ¿¿µ,...^^,½ÄÀº,·Ç,,
143,¤»¤»¤»¤»¤»¤»¤»¤»¤»¤»¤»¤»¤»¤»¤»¤»¤»¤»¤»¤»¤»¤»¤»¤»¤»¤»¤»¤»¤»¤»¤»¤»¤»¤»¤»¤»¤»¤»,Çàº¹ÇÒ,°ÝÆÄ,·Î½á,¿Ü·Î¿ö,
144,¤¡¤»¤»¤»¤¡¤¡¤»¤»¤»¤»¤»¤¡,¸¸³´,¸¶ÀÚ,º¸Ä¬»ý,,½ÉÇÏ³×
145,¹«³­,Á¤È­,Çê,(?????????),,½Ì
146,¹Ç,Áñ°Å¿î,¹«¾ù,³ª¿À³×,,¾Æ¿À
147,¿Ã¶ó¿À³Ä,µÎ±Ù,Á¸¸ÀÀÓ,»ç¿À,ÀÌ·²,",,,,,"
148,ÀÛÀÚ,¾ÆÁ÷±îÁö,ÆÛ¿Ã¼ö,ÀÇ½É,¶°³ª°í,
149,°Ì³ª°Ô,¤Ð¤½,¼±¼ö,ÇÏ½Ç,ÀÏ³â,
150,º£´ñ,±â»Ý,Çè,½ÂÂ÷,¹Ù²î,ÀûÆó
151,¤»¤»¤»¤¡¤»¤»¤»¤»¤»¤»¤»,¼º¿ì,Ä«¸®½º¸¶,°÷ÀÓ,¹Ì·ê,
152,¼¼¹ø,ÃËÃËÇÏ°Ô,Ä³³ª´Ù,ÀÌ¸í¹Ú,°Å³ª,±âÁý¾Ö
153,ÃãÃß°í,your,¿Í¿ì,Á¶Ä¡,"~~~""",¾¾
154,¼Ò°í±â,º¸³»½Å,¤§¤§¤§¤§¤§,...???,ÇÑ¼û,
155,Çò,Ã£´Ù,ÇÏ½Ã³ß,Á¨´õ,,ºù
156,¹èµ«¹Ù,..!,,´Ï¾Æ,°¡³×,
157,Äµ,¤¾¤Ñ¤¾,,¿³¾î,Àå¾Ö,¿©»ç
158,ÀÌ¿¹,¶ó¶ó,,´ÙÀÌ¾îÆ®,,
159,¤»¤»¤»¤»¤¢¤¡¤¢¤»¤»¤»¤»,ÇÏ¸ç,,~~~~?,±×¸³,
160,--,´å,,¾È³ª,¸Ç,»ßÁö
161,¤Ó¤¿¤»¤»¤»¤»¤»,¤Ó¤§,,Áß½É,¸¶Àú,
162,Ã£¾ÆºÁ,µå¸±,,°íÃÄ,°íÃß°¡,
163,¸Ó,Á¶¾ÆÇÏ´Ù,,°¡º½,¤Ð¤Ì¤Ì¤Ð,
164,¿¡¸®¾ó,³»¸®´Â,,ºÀ,µ¶ÇÏ´Ù,³¢¸®³¢¸®
165,Wonyoung,ÀÌµû,,³ªÀ¸¼ÌÀ¸,,
166,ÀßÇÑ,ÀÖ±ä,,¹Ù¸£,Èå±Ô,ºÒ¾ÈÇØ¼­
167,°³²ÜÀëÀÓ,»Ñ¿ì,,¤¾¤§,¸¤,ÇÑ´ç
168,Äí³k,´À³¢,,±è¼³,½ÉÇØ,½ÈÀ¸
169,™C,µå¸²ÄÜ¼­Æ®,,»ý±âÁö,,
170,¤»¤»¤»¤¡¤»¤»¤¡¤»¤¡¤»¤»¤»¤»¤»¤»¤»¤»¤»¤»,¹Ì¼Ò,,È¿°ú,,
171,¹é³¯,±ð¾Æ,,¾à,µ¤,°Å¼¼
172,Á¶´°,ÃßÃµ»ç,,¾¬,¤Ð¤Ì¤Ð¤Ð¤Ì¤Ð,
173,ÁK,Á¤ÁØ,,Âñ¸®´Â,,
174,°³²ÜÆÁ,?),,°¡µç,ÈåÇãÇãÇä,
175,ÈÄ¹è,½ÃÀÛÇØ¼­,,½áÁà,!?!?!,½ÃºÎ·²
176,¤»¤»¤¡¤¡¤»¤»¤»¤»¤»¤»,¿ö³Êºí,,·»½º,´­·¶,³­¸®
177,¤»¤»¤»¤»¤»¤»¤»¤»¤»¤»¤»¤»¤»¤»¤»¤»¤»¤»¤»¤»¤»¤»¤»¤»¤»¤»¤»¤»¤»¤»¤»¤»¤»¤»¤»¤»¤»¤»¤»¤»¤»¤»¤»¤»¤»¤»¤»¤»¤»¤»¤»¤»¤»¤»,À°,,¹þ¾î,,
178,ŽL,it,,¿©·¯,ÀÚ¾ß,
179,¹éÆÛ,·ç,,¹°Á¤,,¾ø°í
180,µ¥½º,¾Æ±¸,,»÷¾×Èö,¹üÀÔ,
181,¸»Çß,°í»ýÇß,,Ä¡Áî,³î¸®,±¸¸°
182,¤»¤¡¤»¤¡¤»¤¡¤»¤¡¤»¤¡¤»¤¡¤»¤¡¤»¤¡¤»¤¢¤»¤¡¤»,°íµù,,À¸·Î¼­,¾Æ±î,
183,¤»¤»¤¡¤»¤»¤»¤»,Äµµé,,?!,,ÀÌ°³
184,¹Ú¸ê,°ÞÀº,,ÃÖÁ¾,·Â,¼¼¿ùÈ£
185,»çÀÌ´Ù,?!!,,¹öÇÁ,,ºñ³­
186,¹ÚÇô,¿Ã¸°,,±ú¾î³ª¸é,,
187,¼¼´Ù,Ã¼,,?(,,
188,¶õ´Ù,<,,´ÙÀ½ÁÖ,,
189,Yoo,»ç¶ûÇÏ°í,,¾ß¾ß,¤·¤µ¤·¤µ¤·,13
190,´©±º°¡,‰ç,,¹«¼­¿ü,´øµ¥,
191,¹é°¡,¹æÅº,,¿Í»çºñ,,
192,Æ¾,Áö³×,,¸Û¸Û,Æ²¸°,
193,¸Å¶±,ÁýÀº,,Àú±â,¤Ð¤Ð¤Ð¤Ì,
194,À¹,¾Öµà,,½ÇÇè,,¹Ó
195,¹¹¶óÇØ¾ß,°¨»çÈ÷,,´Ï²Þ,,Àý·¹Àý·¹
196,³´,ºÕ¹ãºÕ¹ã,,£¾,,
197,¿ôÀ¸,¿ï¾Ö,,¤Ó¤¡,,
198,¹Ì«‰´ç,º¸·Á,,..;,,
199,½º¸±,´À²¸Á®,,150,,
200,¤»¤»¤¼¤¼¤¼¤¼¤¼¤¼¤¼¤¼¤¼¤¼¤¼¤»¤¼¤¼¤¼,Àð±â,,Áö¼¼,,
201,Å©¸²,´çÇØµµ,,ÀÚ°¡,¤Ì¤Ì¤Ì¤Ì¤Ð¤Ð,ÇÔºÎ·Î
202,ÇÑÀÜ,Çâ,,¿À´Â,ÀÏÇÏ±â,ÀÎµé
203,Á¦¾ß,±â¾ïÇØ,,°øÀû,ÀÎ½Ä,»ç¶óÁ®
204,¿ô°í,ÈÖ,,ÁýÈ¸,,
205,½Å±âÇß,²¥ÈË,,¡£,À§¾È,Çø¿À½Ã¼³
206,¸Óþ,·ç´Ù,,RA,........................,µÖ
207,Äo,ÇÁ,,¾îÂ¼½Ç,ÅÂ¾î³ª¼­,
208,ÀÛ¾÷½Ç,³Ñ³ª·ò,,.....;;,¾î¾ß,
209,Á¡½É,µ¢,,ì,¸¶ÇÑ,
210,¸ó,Àú·Å,,ŸÝ¾Ò,,
211,¿æ,½º¾Ð,,³»¿ëÁ¤¸®,,
212,»Í,²Ä²ÄÈ÷,,³íÀÇ,,
213,ÄÉÄÉÄÉÄÉÄÉÄÉÄÉ,°¨¼º,,°¡ÀÔ,¾Æ¶ó¶ó,
214,»â¸µ,¸Èñ,,µéÅ´,°Å¹Ù,
215,ž,¸Ó³Ä,,½ÃÀç,:......,ºÒ¹ý
216,†E,¼É,,!!!!!!!!!!!!???,,
217,Áß°í,½ÂÇö,,s,,»çÁÖ
218,ÃµÀç,È¸º¹ÇÏÀÚ,,¤»¤»¤»¤»¤»¤»¤»¤»¤»¤»¤»¤»¤»¤»¤»¤»¤»¤»¤»¤»¤»¤»¤»¤»¤»¤»¤»¤»¤»¤»¤»¤»¤»¤»¤»¤»¤»¤»¤»¤»,,
219,¤±¤º¤»¤»¤»¤»¤»¤»¤»¤»¤»¤»¤»¤»¤»¤»¤»¤»¤»¤»,¿¡Æ®¸®,,¾È¹°¾È±Ã,,
220,¸ð¾ç,º°ÀÏ,,µÎ·Æ,ÂÓ,³»·Á°¬
221,¤¼¤»¤¼¤¼¤¼¤¼¤»¤»¤»¤»¤»¤»,´õÀÀ¿øÇà¼Û,,ÀÌ´ë¿µ,99,²¸
222,¤Ë,½Å°Ô,,Ä£ÇÏ°Ú,ÁÖ¼Ì,
223,¶á,¼Ò¿ø,,°¨È÷,¾Æ½±,
224,¤»¤»¤»¤»¤»¤»¤»¤»¤»¤»¤»¤»¤µ¤²,ÀÎ¿¬,,Á¾¾Æ¸®,½½ÇÁ,
225,EunYoung,take,,...!!!!,ÈÄÀ¯Áõ,°Å´ú
226,¿µ¿øÈ÷,ÇÏ³ß,,ÀÔÈ÷,±×·¯´Ï±î,µé¾î¿Â
227,»Õ¾ú,Á¤µ¶,,)?,´ý,¤µ¤²
228,³¯¾Æ¿Í,°ßµ®,,???????????????,³²°Ü,Ä£±ÙÇÏ°Ô
229,59,¹·È÷ì,,ÇÐ,,
230,ÇÏ¾Ì,µå¸³´Ï,,¸¶½Ç,,³ó´Ü
231,¤»¤»¤»¤»¤»¤»¤»¤»¤»¤»¤»¤»¤»¤¼¤¼¤¼¤¼¤¼¤¼¤¼¤»¤»¤»¤»¤»¤»¤»¤»,¾îÂÀ,,´õ·´,¤Ì¤Ì¤Ð¤Ð¤Ð¤Ð,
232,¤¾¤©¤¾¤¾¤¾¤¾¤¾¤¾¤¾,·Á,,ÇÕ°ÝÀÚ,°Ü¿ì,ºÎµéºÎµé
233,±³¹Ì,¿ä°Å,,Ç¬,°¡¿²,
234,ÃßÃµ,»ç¶ûÇØ,,Å»Ãâ,Á¢¾ú,
235,±¸ŽA,:),,½ÉÃë,ÃÑÃÑ,
236,=,ÀßºÎÅ¹µå,,¸Þ½º,¤Ä¤Ä¤Ä,
237,Áa,¸¸¼¼,,°¨Á¤ÀÌÀÔ,½Ö,ÂìÂì
238,°øºÎ,ÀÌ»óÇâ,,³Î,ÀÌ·Ð,
239,¸£¸¤,ÆÈ·Î¿ì,,¾Ë±â,ŒÄ‹“,
240,ÆËÄÜ,³¡ÆÇ,,Æ®·³ÇÁ,±¤Å»,
241,¾µµ¥¾øÀÌ,¸íÄè,,¼±,¤Ð¤Ð¤Ð¤Ð¤Ð¤Ð¤Ð¤Ð,Áö¸£
242,¤»¤»¤»¤»¤»¤»¤»¤»¤»¤»¤»¤»¤»¤»¤»¤»¤»¤»¤»¤»¤»¤»¤»¤»¤»¤»¤»¤»¤»¤»¤»¤»¤»¤»¤»¤»¤»¤»¤»¤»¤»¤»¤»¤»¤»¤»¤»¤»¤»¤»¤»¤»¤»¤»¤»¤»¤»¤»¤»¤»¤»¤»¤»¤»¤»¤»¤»¤»¤»¤»¤»¤»¤»¤»¤»¤»¤»¤»¤»¤»¤»¤»¤»¤»¤»¤»¤»¤»¤»¤»¤»¤»¤»¤»¤»¤»¤»¤»¤»¤»¤»¤»¤»¤»¤»¤»¤»¤»,ÅÊ,,¶È°¡ºv,,°á¿©
243,µåµð¾î,ÀüÃ¼,,¾ç¹Ý,°ßµð,ºñÇÏ´Â
244,Âñ,¿©À¹½Ã,,È£¶û,±Ùº»,
245,´ê,¶ìµåµå¶ì,,¿µÃ¢,½Ã¹æ,½Å°íÇØ
246,°Ù†ö,»ç·îÀÌ,,Àß¸øÇØ¼­,ÀÏ¾î³ª´Ï,µéÀÎ
247,½À,ÆÄ´Â,,°Ö,¸Ö,ÀÜ¸Ó¸±±¼·Á
248,µå¸³,¼ö°íÇÏ°í,,¾ÖÃÊ,¾ÆÇÄ,À¸·Î¶óµµ
249,¤»¤»¤»¤»¤¡¤»¤¡,ÁÖ½Å,,²å,Èû³»¼¼,
250,ÃË,´ä¸à,,Ãâ½Å,cc,
251,†V,ÂøÇÏ°Ô,,,ÃÊ¶óÇØ,¶²
252,ÈÄÈÄÈÄ,¸¶À¯,,,³ë¿¹,»÷
253,¤»¤µ¤»,¸ÂÆÈ,,,»ç¿Ô,
254,ÀÌÃ÷,³ë·ÂÇÏ´Â,,,¼º¼Ò¼öÀÚ,
255,¤»¤»¤»¤»¤»¤»¤»¤»¤»¤»¤»¤»¤»¤»¤»¤»¤»¤»¤»¤»¤»¤»¤»¤»¤»¤»¤»¤»¤»¤»¤»¤»¤»¤»,Àç¹Õ,,,±«·Ó,½®
256,µû¶óÇÏ°í,»Ñ,,,¶Ç¸£¸£,ÈÄ·Á
257,¤¤¤¼¤»¤»¤»¤»¤»¤¼¤¼¤¼,´À,,,,
258,´ëÀÎ,µ¥Çò,,,½Ã±¸,ÀÌ¿©
259,¿¡°¡,¸¸À¸·Îµµ,,,ÂÇ,¼±»ó
260,°³¿í,¸¸³ª´Ù,,,Â÷´Â,¶È¹Ù·Î
261,¤»¤»¤»¤»¤»¤»¤»¤»¤»¤»¤»¤»¤»¤»¤»¤»¤»¤»¤»¤»¤»¤»¤»¤»¤»¤»¤»¤»¤»¤»¤»¤»¤»¤»¤»¤»¤»¤»¤»¤»¤»¤»¤»¤»¤»¤»¤»¤»¤»¤»¤»¤»¤»¤»¤»¤»¤»¤»¤»¤»¤»¤»¤»¤»¤»¤»¤»¤»¤»¤»¤»¤»¤»¤»¤»¤»¤»¤»¤»¤»¤»¤»¤»¤»¤»¤»¤»¤»¤»¤»¤»¤»¤»¤»¤»¤»¤»¤»¤»¤»¤»¤»¤»¤»¤»¤»¤»¤»¤»¤»¤»¤»¤»¤»¤»¤»¤»¤»¤»¤»¤»¤»¤»¤»¤»¤»¤»¤»¤»¤»¤»¤»¤»¤»¤»¤»¤»¤»¤»¤»¤»¤»¤»¤»¤»¤»¤»¤»¤»¤»¤»¤»¤»¤»¤»¤»¤»¤»¤»¤»¤»¤»¤»¤»¤»¤»¤»¤»¤»¤»¤»¤»¤»¤»¤»¤»¤»¤»,±â¿©¿ý,,,¿µÈ¥,
262,´«µ¥,Áö°Ô,,,,»ó´ë·Î
263,¶Ñ‚‹ÀÌ,´Ã,,,³¢µé,ºñ½ÁÇÏ´Ù
264,¹«°Å,¾ê±âÇØ,,,²¥¾Ç,°É°É
265,³ëÆ®,¶³¸®,,,°í°Ç,±×·¸´Ù°í
266,¤»¤»¤»¤»¤»¤»¤»¤»¤»¤»¤»¤»¤»¤¼¤»,¹Î,,,,ÀÏÇÑ
267,ÀÏ¿äÀÏ,¿¬¼Ó,,,°ÆÁ¤µÈ,
268,¹ÙÄû¹ú·¹,°í½Ã,,,ºÒ½Ö,ºÎÇÕ
269,Ãâ,´ç´çÇÏ°í,,,,ºýÄ§
270,½Å³²,°ç,,,,
271,Á¦´ë,¸ð´×,,,,¿Ö»ñ
272,Àç¹ÌÀÖ³×,Æ÷±âÇÏÁö,,,,½Ã¹ú
273,¹ä¾à,¼­¿ä,,,,
274,³ª´³,¹®ÇÐ,,,Åä¿ì,µ¹¸®
275,Àú´ë,¼Í,,,ÆÄ±«,»Ñ¸®´Â
276,Áö·Õ,¾Æ¹«Æ°,,,Á×°Ú,´ä´ä
277,°¡À»¹æÇÐ,³Û,,,³î¾Æ,¾îÂ¼´Ù
278,¾î¶È,¿¬¾î,,,ºÐµµ,
279,±â´Ù¸±,ÈåÈå,,,,²ô
280,º°°Å,Áö¿ö,,,,¸ñ
281,¤»¤»¤»¤»¤¢¤»¤»¤»¤»¤»¤»¤»¤»¤»¤»¤»¤»¤»¤»¤»¤»¤»¤»,ÀßÇÒ,,,¤Ð¤Ð¤Ð¤Ð¤Ð¤Ð¤Ð,ÀÓ±Ý
282,¤Ð¤Ð¤Ð¤Ð¤Ð¤Ð¤Ð¤Ð¤Ð¤Ð¤»¤»¤»¤»¤»¤»¤»,Æ¾Æ®,,,¤Ð¤Ð¤Ì¤Ð¤Ð,¾ðÁ¦³ª
283,Ä¿ÇÃ¸µ,¼ö°íÇß,,,µª¼î,¶°³¯
284,¹èÁö,»ìÀÌ,,,ÇãÅ»,´«²Ã
285,±¸¿î,½ÃÄ×,,,,
286,¤±,À»°Å¾ß,,,Èû³»½Ã,°³²Á´ë
287,°,»ç·îÇØ,,,»ý°¢Çß,
288,¤»¤»¤»¤»¤»¤»¤±¤º¤»¤»¤»¤»¤»¤»¤»¤»¤»,even,,,,
289,°Åþ,»çÁê¼¼¿°,,,,½Ã·Á
290,Â½,³î¶ó´Â,,,Áö¸¦,
291,¤»¤»¤»¤»¤»¤»¤»¤»¤»¤»¤»¤»¤»¤»¤»¤»¤»¤»¤»¤»¤»,µ¤°í,,,µ¹¾Æ°¡°í,Àºµ¥¼­
292,µ¹¾Ò,´ëÂÊ,,,¸ð¶ó,
293,¤»¤¡¤»¤»¤¡¤»¤¢¤»¤§¤º,¤Ð¤µ¤Ð,,,°°À¸,
294,´Ï´ç,½Ã°¡,,,Áö³­ÁÖ,
295,ÀÚÁö,ºñ½Ñ,,,À¯¼­,
296,¹Ì»ç,¹Ð¸°,,,½Ã´ë,Ç×ÀÇ
297,¤»¤µ¤»¤µ¤»¤µ¤»¤»¤µ¤»,Âº,,,,Ä¿·ë
298,¸µ,Èû³»¼Ì,,,¤Ä¤·,
299,~~(@!(!!@,¸¸µå½Å,,,,
300,¼¾½º,À¸·Î´Â,,,.............,
301,¤»¤¼¤¼¤¼,°£Áú°£Áú,,,±¦È÷,·¯½Ã
302,ÀÏ¶§,¿À·£¸¸,,,½Ì±Û,Àâ¾Æ
303,ÅåÅå,²Ù¹÷,,,½Ä»§,Ä¿¹Ö¾Æ¿ô
304,ÀÌÀÎ,Áê´Ï,,,½½Çª,½Ã²ô·¯¿ö
305,¾Æ´×,Æ´,,,Çö½Ç,Ãµ¹Ú
306,¿©¿ï,ÀØ¾î,,,µè´Â,Çê¼Ò¸®
307,¤»¤¡¤¡¤¡¤»¤»¤»¤»¤¢¤·,¾Æ¿õ,,,¤Ð¤Ð¤Ð¤Ð¤Ð¤Ð¤Ð¤Ð¤Ð¤Ð¤Ð¤Ð¤Ð¤Ð¤Ð¤Ð¤Ð¤Ð¤Ð¤Ð¤Ð,½ÃÄÑ
308,¾Ë¸²,È­ÇØ,,,¼ºÂû,
309,Ã£,Ãµ,,,¸¹ÀÚ,´ÜÃ¼
310,Áö³ª,¿è,,,¾î¶ó,°øµ¿
311,¿Ã·È,Âû,,,±Ø´Ü,
312,ÀûÀý,²É,,,ÀÚ»ì,´Ù´Âµ¥
313,ÇØ±º,¾ÆÀÌ¹Ì,,,,¶§¸®
314,ÀÌ¿Õ,ÀüÈ­ÇØµµ,,,,¹®Á¨
315,Áñ°Ì,Çàº¹ÇÔ,,,¹«¼Å,¿­°í
316,¤µ¤²¤»¤»¤»¤»¤»¤»¤»¤»¤»¤»¤¡¤»¤»¤»¤»¤»,Ä£±¸¿©,,,Åº,ÁÖ¸Ó´Ï
317,½öÈ÷,½Í°Ú,,,´É·Â,½Í³×
318,´Ê¾ú,ÀÌ»Ý,,,,
319,°­Ãß,Áö³¾,,,,°³Á¿»¨Àº
320,¤Ð¤Ð¤»¤»¤»,ÅÍÁö,,,ÀÏ¾î³ª±â,ÆíÈ÷
321,Ä¿¿±,¿À·£,,,¸»ÇÏÁö,°ü
322,ÀÌ¸ðÆ¼ÄÜ,¤³,,,¾øÀ¸,
323,ÀÌ¥,ÂÄ,,,½½ÆÛ,Å°´Ù
324,¤»¤»¤»¤»¤»¤»¤»¤»¤±¤º¤»¤»¤»¤»¤»¤»¤»¤»,ºÙ¿©,,,µÞ,
325,¤¡¤¡¤¡¤¡¤»¤¡¤»¤¡¤¡¤»¤¡¤»¤¡¤»¤¡¤»¤¡¤¡¤»¤¡¤¡,¿­¾î,,,ºÒ½ÖÇÏ´Ù,Çà°¢
326,¸¶ÃÆ,º¸ÀÏ,,,ÀÏ³¯,´õ¶óµµ
327,¤»¤»¤»¤»¤¼¤¼¤¼¤¼¤¼¤¼¤»¤»¤»¤»¤»¤»¤»¤»¤»¤»¤»¤»¤»¤»¤»¤»¤»¤»¤»¤»¤»¤»¤»¤»¤»¤»¤»¤»¤»¤»¤»¤»¤»,Áõ,,,,°É¸®
328,ÇÐ¿ø,°ñ¶ó,,,ÈÄÈ¸ÇÏ°í,
329,³È³È,+_+,,,´À¹Ç¸¶,¹Ú±ÙÇý
330,¤½,¿¡´Ù°¡,,,ÀÌÁö½Ã,»©
331,¤Ó¤¤¤»¤»¤»¤»¤»¤»¤»¤»¤»¤»¤»¤»,³»»ç,,,²ÀºÆ,Ã»»ê
332,³À´Ù,ÀÌ»Ñ,,,Ã¡,
333,µ¹¾Æ¿Ô,µ¹¾Æ¿Í,,,¼öÄ¡,º¸ÀÌ³Ä
334,!!!!!!!!!!!!!!!!!!!,¸¸³ª°í,,,,±î´Â
335,ºÎ¾ûÀÌ,ÁÁ³ß,,,,
336,½ºÅ¸,ÃëÇâ,,,,
337,º¸ž,Çü´Ô,,,Èê·¯°£,°¨¼ö
338,¼ú¹ö¸©,´¢,,,ÀÌ»ý,³·Àº
339,¿ÇÀº,µ¢ÀÌ,,,ÁøÀÛ,
340,¤»¤»¤¾¤»¤¾¤»¤»¤¾¤»¤¾¤»¤¾¤»¤¾¤»¤¾¤»¤¾¤»¤¾¤»¤¾¤»¤¾¤»¤»,Å»,,,ÆÐµù,
341,ÇÙ,°ÅºÁ,,,ÈÇÂ½,
342,°³²Ü,Èí,,,ÈÞÀÏ,¹Ý¼ºÇØ
343,¼ö·á,°èÀý,,,µå,¹Ýµå½Ã
344,´õ¶ó±¸¿ä,¸ÀÀÖ¾î,,,¿¡±¸,¹ñ
345,±â¾Ç,½ºÀ­,,,,ÇÏ´«
346,º£´ñºÁ,³ö,,,¹ÌÃì,´çÇÏ
347,¼­³ª,¹Ù¶óº¼,,,¹Ì¾ÈÇÑ,¤¿¤¿
348,Àç¹Õ¾î,²É½Å,,,,³²±â
349,"...,,,,",ºÃµ®ÆRÆR,,,¾î¶±ÇÏÁö,
350,³Ö¾î,Á¸¸Ú,,,´Ù½Å,
351,!!!!!!!!!!!!!,¼÷¹Ú,,,´õ¶ó,ÇÑ½ÉÇÏ´Ù
352,¸ð¿©,»Ç»Ç,,,¾î¼­,
353,Èñ·Õ,¾ê±âÇÏ°í,,,¸ð±â,
354,¤¡¤µ,¸ñ°ÉÀÌ,,,,
355,°°¾Ò,no,,,ÇöÅ¸¿Í,
356,¢O,³ª¸¦,,,±ÛÀÌ¾ä,´ë°¥
357,¿³†¶,°ÚÁö,,,,
358,xxzzzzzzzz,ÀÎÇü,,,,¶³¾îÁ®
359,ÁÖ³â,¤»¤¡¤»¤»¤»¤»,,,¼øÁøÇÏ°Ô,³ªÀÚ
360,µÅ¶,¿Ïº®ÇÏ°Ô,,,ÀÛ¾Æ,
361,°·,³¶³¶,,,,±ô³î
362,º¯ÇÏÀÚ,Ãá,,,À¸À×,°á±â
363,¤»¤»¤»¤»¤»¤»¤»¤»¤»¤¾¤¾,±ò²ûÇÏ°í,,,,¸Ö¾ù¾î
364,¤»¤»¤»¤»¤»¤»¤»¤»¤»¤»¤»¤»¤»¤»¤»¤»¤»¤»¤»¤»¤»¤»¤»¤»¤»¤»,·Î¸Á,,,ÀâÀº,
365,£Ÿ,ÀÀ¿øºÀ,,,»Ñ³Ã,
366,¤¼¤»¤¼¤¼¤¼¤¼¤»¤»¤»¤»,³¯¸°,,,Æø,
367,¼º³É,¸·Ãã,,,»·,Ä®
368,·Ï½ºÅ¸,*~*,,,,³ª¹ß
369,Á¹¾Ò,¸ð¼Å,,,¸ùÃÑ,Â÷¸±
370,»çÁÖÁö,³¡³»±¸,,,ÇÊ¿äÇÑ,¿ª°Ü¿î
371,È¯,ÃàÇÏÇØ,,,,¶È°°ÀÌ
372,´ëºñ,".,,..",,,¾×,
373,±ò±ò,¼Ò½º,,,,³Ñ¾î°£
374,¸ÞÀÌÀú,¿ÖÄÉ½Å³ª¥’,,,ÀÏµµ,°¡¶àÀÌ³ª
375,º¸Â¡,º¸ÅåÇÏ´ô,,,Ä£ÇØÁ®,
376,¤»¤»¤»¤¢¤»¤¡¤»¤¡¤»¤»¤»¤»,ÇØÁÖ½Å,,,µî,³ëÃâ
377,220,ÇÏÆ®,,,º¹¼Û,
378,¤»¤»¤»¤»¤»¤»¤»¤»¤»¤»¤»¤»¤»¤»¤»¤»¤»¤»¤»¤»¤»¤»¤»¤»¤»¤»¤»¤»¤»¤»¤»¤»¤»¤»¤»¤»¤»,¾æ,,,±â°í,±â·¹±â
379,±â´ÙŽÄ,¹Þ¾ÆµéÀÌ´Â,,,º´,
380,°è½Ã,º¸°Å,,,,
381,Á¶½ÉÇØ¾ß,´Ù°¡¿Ã,,,ÆÎÆÎ,¸·È÷
382,ÁÖ±â,¼¶¼¼,,,¿ìÀÌ,³Ñ°Ô
383,À¸¼¼¿ä,µé·È,,,¤Ì¤Ì¤Ì¤Ì¤Ì,¾ÊÁÒ
384,¿À¾Æ¾Æ,¼³·¹,,,»çÁË,³â³ð
385,Ç,½ÃÀÛÇÏÀÚ,,,ÇÇÇÏÀÚ,ÆÛÀÓ
386,¤»¤»¤»¤»¤»¤»¤»¤»¤¼¤»,³×½Ã,,,µå´º,³ª»Ú³Ä
387,¸Ô¾îÁÖ·¯,ÈÎ¾À,,,Á¤¿ä,Çù¼º
388,½Ñˆª,ÇØÁÖ¼¼,,,¹Ù¸®,½Å¹ß
389,ÀÕ´Â,long,,,,»ª
390,´ñƒG,ÀÇ°ß,,,Àü»ý,Àû´çÈ÷
391,ž,À§·ÎÇÏ°í,,,¤Ð¤Ì¤Ì¤Ì¤Ð¤Ì¤Ì¤Ì¤Ì,±ú¾ß
392,¿ô´Ù,½Å±â,,,,
393,¹Ô,¹°¾îºÁ,,,,ºÎ²ô·¯¿î
394,ÅÀ,:(,,,,³ÑÃÄ
395,È­Àå½Ç,±Í°ÉÀÌ,,,ºÎÁ·ÇÏ¿©,
396,Á¶³ªÀç¹ÔÀ½,ÇØº¸°í,,,µý°Å,
397,Á¶³­,ÇÑµ¥,,,,±×Áö°°
398,»ç¿Â,»ç´Ù,,,µ¹·ÁÁÖ¼¼,¸Â¼­´Â
399,¤»¤©¤»¤¡¤¼¤¡¤»¤µ¤»¤¡¤»¤¡¤»¤¡¤»¤¡¤µ¤»¤µ¤»¤¡¤»¤¡¤»¤¡¤»¤¡,Áø¿µ,,,,
400,ˆHµ¥,ÀÖ°í,,,,
401,¤»¤»¤¡¤¡¤»¤¡¤¡¤¡¤¡,±â´ëµÈ,,,,
402,ÀÎÇ²,Á·,,,,°ÇÁ¶ÇÑ
403,¤·¤¶¤·,°í¾ç,,,,ºü¸®
404,ÇíÇí,matter,,,ÀÌ¿À,
405,¤¾¤¾¤¾¤¾¤¾¤¾,^~^,,,½½Æâ,
406,±èÄ©±¹,»õ·Î¿î,,,°ÆÁ¤µÇ,
407,¿ô°¼,µé¾î°¡±â,,,,°°°í
408,±º»ýÈ°,¿øÇÏ´Â,,,ÀÏÄÉ,
409,±Ý¹æ,·È,,,ÀÌ¶óµµ,³¿»õ
410,~~~~~~~~~~~~~~~~~~,ÁÖ¼Å,,,À¸¾Ó,
411,¤²¤»¤»¤»¤»¤»¤»¤»¤»¤»¤»¤»,²÷À¸,,,À¹À¹,
412,ÃëÇÑ,º¸´Ùµµ,,,ÀúÁÖ,´ñ´Þ
413,¾Æ´Ï¾ú,¹Ý°Ü,,,,¹Ï°Ú
414,¤©¤·¤»¤»¤»¤»¤»¤»¤»¤»¤»,°í¸¿,,,,ÁøÀÚ
415,¤»¤¡¤»¤¡¤»¤¡¤»¤¡¤»¤¡¤»¤¡¤»¤¡¤»¤¡¤»¤»¤»¤»¤»¤»¤»¤»¤»¤»¤»,ÀÔ»ý,,,Æ²¸®´Â,
416,~.~,¹ÝÇØ,,,,"?',"
417,±¦Â÷,¾çÆÄ,,,¾ÈÅ¸±î¿ö,
418,±¸·¯,¤©¤·¤©¤·,,,,
419,¤»¤¡¤»,¸³½ºÆ½,,,Âñ·Á,À¾À¾
420,³é,ÇØÁÙ,,,´«½ç,
421,½Î,µé·ÁÁÖ¼Å,,,µ³,²¨¸®
422,¸ÂÀÌ,¸ÀÀÖ,,,´±¹°,
423,¹à¾Ò,¿©ÀÚÈÄ¹è,,,ºêÀÌ,·³
424,Å¸Äí,´ëÇÏ°í,,,,Çì¾îÁ®
425,²¥¸£¸£¸¤,°í¹é,,,,
426,¾îÂ÷ÇÇ,¿ôÀ½,,,,»ó½Ä
427,¿ôÇÁ,....?....,,,¾ð´É,ÃÖ¾Ç
428,¸ÂÀÚ,¿¹»Ñ,,,°¤Çû,«‰
429,³²¾Ò,ÇØ½á,,,,µéÀÔ´Ï
430,³²³à,¸ù±Û¸ù±Û,,,,
431,³ÑÄ¡,”f,,,¼Ó»óÇØ,ÁÁ³Ä
432,¼³¸¶,ºÁ¹Ù,,,±¸¸Õ,
433,³²Ãæ,¾ð´±,,,ÀÖÀÝ,¾îµð¼­
434,¹æ±Í,°Ô½ºÆ®ÇÏ¿ì½º,,,¸íº¹,Áö³ð
435,´ã,À¯ÁöµÇ,,,Æ÷±âÇØ,´®
436,ÄÉ,°¡´Æ,,,,
437,¤»¤»¤»¤»¤»¤»¤»¤¼¤»¤»¤»,½ÉÄô,,,¿ì¿ïÇÏ´Ï,…¢
438,¤»¤»¤»¤¼¤¼¤»¤»¤»¤¼¤»,Èå¹µ,,,,¾ø¾Ö
439,´«¾Õ,Áö³­,,,201,
440,Àû¾ú,"..,",,,,
441,¤»¤»¤»¤»¤»¤¡¤»¤»¤»¤»¤»,¸ÀÀÖ¾ú,,,¸Ö¾îÁö,”·½Å
442,½´¹ä,·£µå,,,¤Ì¤Ì¤Ì¤Ì¤Ñ¤Ì¤Ñ¤Ñ¤Ñ,
443,°¡Á®¿Í,À¯À¯,,,»©¾Ö¾Ö¾Ö,
444,Èñ,°¥·¡,,,´±¸¾,
445,°í´Ù,½Ãµµ,,,,ÀÛÀÛ
446,Yeon,´Ù¾çÇÑ,,,°á¹æ,
447,¤²,ÃÖ¾Ö,,,,
448,¾øŒm,±¹¾î,,,¹Ö¹Ö,²¨¸®´Â
449,Ä£ÀýÈ÷,³Ê¹Â,,,,
450,¤¼¤»¤»¤»¤»¤»¤»¤»¤»¤»¤»¤»¤»¤»¤»¤»¤»¤»¤»¤»¤»,not,,,....!!!,È­³¯
451,¾ÈµÈ,¼ÒÁßÇÏ´Ù,,,¾ø¾îÁ³,
452,~~!!!,³Ê°Å,,,¤Ä¤·¤·,
453,¤»¤¼¤¼¤»¤»¤»¤»¤»¤»¤»¤»¤»¤»,Áö³ª°¡´ø,,,³»¼­,¿¬ÁÂÁ¦
454,¿ì¿õ,ÇØÇÁ´×,,,¤¿¤·,¸è
455,¿©±ä,¹ÂÁöÄÃ,,,±âÀý,
456,¾ÆÇö,Àç¹Ì,,,½½,
457,±ºÀÎ,ÀÌ»óÇü,,,ÀÌ¾ç,µÚÁ®
458,ÇìÂm,À¶,,,ÀÏÇØ¾ß,½ÃºÎ
459,¹Ì°æ,³¯¾¾,,,ÀÚÀÚ,¼¼¿ì¸é
460,°íÃß,Èï¹Ì·Î¿î,,,,¿¡¼­º¸´Ù
461,ÇØ´ç,¾î¸Ó,,,,½Ê
462,´ë¸é,¾ó¸ª,,,,±æ¸·
463,~!!,¿µ¿øÇÑ,,,,
464,¿ô±è,¼ÒÁßÇÑ,,,»ýÈ°°í,±×µûÀ§
465,Æ¼,Èê¸®,,,¹¬Á÷,¹¹¶óÇÏÁö
466,²¥ÁH,À»Áö,,,,¸ÁÇÏ°í
467,°³•º,Èñ¸ÁÀÌ,,,,
468,½ºÆäÀÎ,Ã£¾Æ,,,¾ÈÅ¸±õ,
469,ÀÝ³Ä,ÀÌºÐ,,,Ä¡°í,
470,·É,·Î¸ÇÆ½,,,,
471,¹ü,¿µÈ­,,,,°³¹«½Ã
472,¤»¤»¤»¤»¤»¤»¤»¤»¤»¤»¤»¤»¤»¤»¤»¤»¤»¤»¤»¤»¤»¤»¤»,Áö³ª¼­,,,,
473,ÇØ³½,³»»ö,,,,¸»½Ç¼ö
474,¾Æ´Ï£•,ÀåÁ¡,,,,Á×ÀÏ
475,´©³ª,...........,,,ºÒ½ÖÇØ,
476,Å¸ÀÌ¹Ö,¸È,,,,½âÀº
477,¤»¤»¤»¤»¤»¤»¤»¤»¤»¤»¤»¤»¤»¤»¤»¤»¤»¤»¤»¤»¤»¤»¤»¤»¤»¤»¤»¤»¤»¤»¤»¤»¤»¤»¤»¤»¤»¤»¤»¤»¤»¤»¤»¤»¤»¤»¤»¤»¤»¤»¤»¤»¤»¤»¤»¤»¤»¤»¤»¤»¤»¤»¤»¤»¤»¤»¤»¤»¤»¤»¤»¤»¤»¤»¤»¤»¤»¤»¤»¤»¤»¤»¤»¤»¤»¤»¤»¤»¤»¤»¤»¤»¤»¤»¤»¤»¤»¤»¤»¤»¤»¤»¤»¤»,º¸³ß,,,,¸»·¨
478,¤»¤»¤»¤»¤»¤»¤»¤µ¤²,°¨»çÇØ,,,Èñ¸Á°í¹®,Ãµ¹ú
479,¤µ,³ë·ÂÇÒ,,,,Ã¶
480,ÂS,ÀÌ³ª¸¶,,,±¦,
481,¹ÚÀÚ,Àú·¸,,,,
482,Ã³À½,¤¾¤¾¤¾¤»¤¾¤»¤¾¤»¤¾¤»¤»¤»,,,°³ºÒ,Ã£À¸
483,¾Æ½º,¹ÝÁö,,,,
484,ÇÒ¹è,...!,,,Ç»,¾îÂî
485,Âñ¸®³Ä,´Ù´Ò,,,½Ã·Â,
486,¹«þ,´Ù³à¿À°í,,,,±ò¸®
487,ÀÏÀ°,Ä£ÇÏ°Ô,,,ÆÇ,
488,´Ï±ñ,°¡Áö´Â,,,,
489,³ªÈ¥ÀÚ»ê´Ù,º¸·¯,,,±¾¾î,¸ô»ó½Ä
490,Ã¢,¤Ã¤Ã,,,¾û¾û,¤Ç¤Ì¤Á
491,¿À¹ö,¾î¿ï¸®,,,¾Æ¾Ó,
492,ÇìÇò,¸¸³­,,,¾Öµµ,³ô¾Æ
493,È­Àå,·á,,,,
494,ÀßÇÔ,¸ÚÁø,,,µ¿,
495,À»¶ó,ÅÁ,,,¾Ö°ß,
496,¹Ì«,ŸG,,,¹Ö,¹ÙÁþ°¡¶ûÀÌ
497,ÈåÂj,Áö¼º,,,,xx
498,¿Ö³Ê,¿À±Û°Å¸®,,,,
499,¤»¤»¤»¤»¤»¤»¤»¤»¤»¤»¤»¤»¤»¤»¤»¤»¤»¤»¤»¤»¤»¤»¤»¤»¤»¤»¤»¤»¤»¤»¤»¤»¤»¤»¤»¤»,ÀØÇôÁö,,,,Àú·¯³Ä
500,insect,È¯ÇÑ,,,,
501,¤»¤»¤»¤»¤·,ÀÐ¾ú,,,,
502,¾Æ†r,ÇØµå¸®,,,,°¡¸¦
503,°Ô¹¹,»ç¿Í,,,Áü,
504,µ¿Â÷,ºÎµÕºÎµÕ,,,Èå¾û¹æ±Ô,½Í´Ï
505,¤»¤»¤»¤»¤¡¤»¤»¤»¤»¤»¤µ¤²¤»¤»¤»¤¡¤»¤¢¤¡¤»¤»¤»¤»¤»¤»¤»,ÁöÂ¹,,,¸ÕÁö,
506,¾ÆÀÌ¾»,ÇÇÄ¡,,,,
507,‹“,¸¹Áö,,,,
508,.......?,ÀÌ»Û,,,³ë¿À,
509,¿ùº¹,ºüÁ®,,,ÁÁ¾ÆÇß,´ÉÁöÃ³Âü
510,¤»¤¼¤¼¤»¤»¤¼¤»¤¼¤»¤»,´Ùµ¶,,,ÁË¼ÛÇØ,¤·¤¸¤©
511,¤¡¤Å,°¨»çÇÏ°Ú,,,¿©°å,
512,¿ùµåÄÅ,(?,,,°øÇã,±¸¶ó
513,¾Æ¹Ì,¸Ô±â,,,Á¤¸»·Î,´Ã¾î³õ´Â
514,¾î¶±Áa,°ö¾Ã,,,°£µÚ,
515,ÀÖ´Á°Å,°¢º°È÷,,,¾Æ³à,ÀÚÁ¸½É
516,È­ÀåÇ°,´ë»§,,,¾¾¹Ù,
517,Ã¹,¿¹»Û,,,ÀÌ¸®,
518,¤»¤»¤»¤»¤»¤»¤»¤»¤»¤¢¤»¤»¤»¤»¤»¤»¤»¤»¤»¤»¤¡¤»¤»¤»¤»¤»¤»¤»¤¡¤»¤¡,±Í¿©Ÿs,,,,
519,Â¥¸´,À¸·Ð,,,,Å¸·É
520,~~~~~~,of,,,¶ó´Âµ¥,
521,ÀÌ¾Æ,¹è¿ü,,,¿ÜÇÑ,
522,¹ÙÄí,Â¼´Â°Å°°,,,,ÅÐ°í
523,¹ÐÅõ,ÀßÇß,,,,À¯¾ðºñ¾î
524,Àç¿Ü±¹¹Î,¿õ¾ß,,,,
525,»ý°¢ÇØµµ,±â»µ,,,³»±â,
526,¤»¤»¤»¤»¤»¤»¤»¤¼¤»¤»¤»¤»¤»¤»¤»¤¼¤»¤»¤¼¤»¤¼,³ë·ÂÇØ,,,,³ª´ëÁö
527,¤»¤»¤»¤»¤»¤»¤»¤»¤¼,ÈÄ±â,,,±×¸¸ÇÏ°í,
528,³´¶Ç,»ý°¢³µ,,,½È¾îÇÏÁö,
529,>_<,,,,,Áø¤N
530,ÈþÈþ,,,,¾Æ±î¿î,ÁýÂø
531,°ø°³,,,,,µðÁø
532,¤¤¤»¤»¤»¤»¤»¤»,,,,,
533,º¸¼¼,,,,¾ÆÆÍ,¶Ë²¿
534,È£°»,,,,,ÅÂ
535,¤¼¤¼¤¼¤»¤»¤»¤»¤¼¤»¤»¤»¤»,,,,,¼­·¯¿ò
536,ºÒ·Á,,,,,
537,Àµ,,,,,
538,¤»¤»¤»¤»¤»¤»¤»¤»¤»¤»¤»¤»¤»¤»¤»¤»¤»¤»¤»¤»¤»¤»¤»¤»¤»¤»¤»¤»¤»¤»¤»¤»¤»¤»¤»¤»¤»¤»¤»¤»¤»¤»,,,,,
539,’o¹Ì,,,,,¼Õµ¥
540,Ä§,,,,,Á¶»ç
541,½ÃÇ×,,,,¤Ð¤Ð¤Ì¤Ð,µé¾î°¡Áö
542,±Â¸ð´×,,,,Èæ,
543,¶ó´Ï±ñ,,,,,µÚÁö´Â
544,¤»¤¼¤¼¤¼¤¼¤¼¤»¤»¤»¤»¤¼¤»¤»¤»¤¼¤»¤»¤»¤¼¤¼¤»¤»¤¼¤¼¤»¤»¤»¤¼¤»¤»¤¼¤¼¤»¤»¤¼¤»¤»¤»¤¼¤»¤»¤¼¤¼¤»¤»¤¼¤¼¤»¤¼¤¼¤»¤»¤¼¤¼¤»¤¼¤º¤¼¤¼¤¼¤»¤¼¤¼¤»¤¼¤¼¤»¤»¤¼¤»¤»¤¼¤¼¤¼¤»,,,,³ª¸ÓÁö,ºýÄ¡
545,¶¯°Ü,,,,,³Ñ¾Æ
546,±ÍÃ´,,,,,ÀÎ¼º
547,¼­¸í,,,,,´ç»çÀÚ
548,´Ù¸ð,,,,,ÇÇÇØÀÚ
549,¹¹¶óÇÑ,,,,¾÷´Â,
550,¤»¤§,,,,,
551,¤»¤¼¤»¤»¤»¤»¤»¤»¤»¤»¤»¤»¤»¤»¤»¤»¤»¤»¤»¤»¤»¤»¤»¤¼¤¼¤»¤»¤»¤»¤»¤»¤»¤»,,,,,½ÃÆÈ
552,²¥Ç×,,,,¤Ó¤Ó¤Ó,º´½Å
553,¿À´ë,,,,,
554,†¶,,,,¿ì·°,À»°É
555,²¥¸ª²¥¸ª,,,,,½Ãºñ
556,»ýÀÏ,,,,³¡³»¾ß,½Ã³¢
557,°è±Þ,,,,ºÆ,
558,ÀÌÅ»,,,,,²Á´ëµé
559,Ç¥Á¤,,,,ÀÏÇÏ´Â,
560,ºñ½ÁÇÏ,,,,±ø,°¡°ü
561,±Í¿©¿ý,,,,»ç½É,Á¦ÇÑ
562,þ,,,,¾È¿Ó´Ù,°Ý
563,",,,,,,",,,,½Ã¸£,°í¹ß
564,³î¾Ò,,,,»ì¶§,
565,Æ¼ÄÉ,,,,,µå·¯¿ý
566,»ý°¢³­,,,,¾Ï¿ï,
567,²Ü,,,,¼ö¹°,
568,º£´ñµÇ›ª,,,,ÁÔ³ª,Áþ°Å¸®
569,µÚÁ³,,,,,
570,´´´´Å©,,,,,±îÁö°¡
571,¸Ô¹æ,,,,,¤¤
572,´î,,,,ÀÌ¾úÀ½,¢Z°°
573,ºÎ´ã½º·¯¿ö,,,,Èû³»±â,¸¶³à»ç³É
574,¾Æ°³À¿Ç,,,,¤Ð¤Ð¤Ð¤Ð¤Ð¤Ð¤Ð¤Ð¤Ð¤Ð¤Ð¤Ð,³ª°í
575,Áö¸®,,,,,
576,ˆ×,,,,,
577,Èå¸²,,,,,Á¶·Õ
578,¿î°É,,,,,ºñÈ£°¨
579,¹Ù¶÷Á÷ÇÑ,,,,,Á¤ÀÛ
580,ÇÏ·Á,,,,,·²
581,Erin,,,,,
582,¤»¤»¤»¤¼¤»¤»¤»¤»¤»¤»¤»¤»¤»¤»¤»¤»¤»¤»¤»¤»¤»¤»¤»¤»¤»¤»¤»¤»¤»¤»¤»¤»¤»¤»¤»¤»¤»¤»,,,,,
583,¾Æˆ ,,,,,ºñÆÇÇÒ
584,¤Ð¤Ð¤Ð¤Ð¤Ð¤Ð¤Ð¤Ð¤Ð¤Ð¤Ð¤Ð¤Ð¤Ð¤Ð¤Ð¤Ð¤Ð¤Ð¤Ð,,,,,ÀÏÀÏ
585,¤»¤»¤»¤»¤»¤»¤»¤»¤»¤»¤»¤»¤»¤»¤»¤»¤»¤»¤»¤»¤»¤»¤»¤»¤»¤»¤»,,,,,½Î°¡Áö
586,¸¹†¹,,,,,»ó´ë
587,¤»¤»¤»¤»¤»¤»¤»¤»¤»¤»¤»¤»¤»¤»¤»,,,,,¼¼°è
588,±â†¶,,,,,Ã³¸®
589,¤Ð¤Ð¤»,,,,,Â÷¸®´Â
590,Àú°¡,,,,,¸¸À»
591,ÀÌº´,,,,,¤§¤º¤©
592,±â¾Æ,,,,,°£¸¸
593,ºøÀÚ·ç,,,,,~~~~~~~~~~~~~~~
594,¿©Âå,,,,,~~~~~
595,¤»¤»¤»¤»¤»¤»¤»¤»¤»¤»¤»¤»¤»¤»¤»¤»¤»¤»¤»¤»¤»¤»¤»¤»¤»¤»¤»¤»¤»¤»¤»¤»¤»¤»¤»¤»¤»¤»¤»¤»¤»¤»¤»¤»¤»,,,,,´Ù°í¿ä
596,¸ÅÀå,,,,,ºÎ¼Å
597,¤Ñ¤»,,,,,
598,ºÎ·Î,,,,,±ØÇø
599,½ÉÀå¸¶ºñ,,,,,µµ¹ß
600,¸¶Âù°¡Áö,,,,,
601,Å©Å©,,,,,
602,±×¸²,,,,,
603,²Ù¼Ì,,,,,Á¤¸®ÇÏ¼Ì
604,ÅëÇß,,,,,
605,»ç¼­,,,,,¿¹ÀÇ
606,ÀÚ±â¾ß,,,,,ºÎ¸®
607,°¼±¼,,,,,¶©
608,°³ºÀ¼¦,,,,,
609,±â¿±´Ù±¸¿ê,,,,,
610,°³¿ô°¼,,,,,
611,Åð±Ù,,,,,
612,¤»¤¼,,,,,
613,¤»¤»¤»¤»¤»¤»¤»¤»¤»¤»¤»¤»¤»¤»¤»¤»¤»¤»¤¡¤»¤»¤¡¤»¤»¤»¤»,,,,,ÅäÅä
614,¤»¤»¤»¤»¤»¤»¤»¤»¤»¤»¤»¤»¤»¤»¤»¤»¤»¤»¤»¤»¤»¤»¤»¤»¤»¤»¤»¤»¤»¤»¤»¤»¤»¤»¤»¤»¤»¤»¤»¤»¤»¤»¤»,,,,,¶ó±×
615,¤Ó¤¤,,,,,½Ê¾Ë´Ü
616,´Ð,,,,,
617,¤¼¤»,,,,,¹Þ°Ô
618,¤»¤»¤»¤»¤»¤»¤»¤»¤»¤»¤»¤»¤»¤»¤»¤»¤»¤»¤»¤»¤»¤»¤»¤»¤»¤»¤»¤»¤»¤»¤»¤»¤»¤»¤»,,,,,
619,ÆÄ¾ß,,,,,
620,½ä,,,,,
621,·¹Æ÷Æ®,,,,,
622,ÇìÄ¡,,,,,¼Å·´
623,¹Ì¯ƒ,,,,,¹«½Ã
624,¾Ö±³,,,,,
625,½È¾ú,,,,,
626,»ÌÀÚ,,,,,»ç°Ç
627,¤»¤»¤»¤»¤»¤»¤»¤»¤»¤»¤»¤»¤»¤»¤»¤»¤»¤»¤»¤»¤»¤»¤»¤»,,,,,
628,½É°¢ÇÏ³×,,,,,
629,´u,,,,,
630,¸Þ·Õ,,,,,
631,°í¶û,,,,,
632,ÈÙ¼Â,,,,,
633,È¸,,,,,ÇÏ¿©Æ°
634,À¸´Ï±î,,,,,
635,¤»¤·¤»¤¡¤»¤¡¤»¤µ¤»¤¶¤»¤µ¤»¤µ¤»¤»¤¶¤»¤µ¤»¤µ¤»¤µ¤»¤µ¤»¤µ¤»¤¡¤»¤¡¤»¤µ¤»¤µ¤»¤µ¤»¤»¤»,,,,,°í¼Ò
636,Â«,,,,,
637,³ì,,,,,
638,Áñ°Å¿ö,,,,,
639,¿À¿¹,,,,,
640,¿È,,,,,
641,!!!!!!!!!!!!!!!!,,,,,Á¤ÇÐ
642,°ø,,,,,
643,±Ùµô,,,,,
644,°³¿ô,,,,,
645,¤¼¤»¤»¤»,,,,,½Ñ
646,µð¶ö,,,,,
647,µÌ¸Þ,,,,,
648,°³¿ôÇ,,,,,
649,ÂÉ·¾,,,,,
650,µ¿±â,,,,,ÇØºÃ
651,¸ð´×ÄÝ,,,,,
652,¤»¤»¤¼¤»¤¼¤¼¤»¤»¤¼¤¼¤¼¤»¤¼,,,,,¾Ï°Í
653,¸ð¹ÙÀÏ,,,,,ÂùÀå
654,´ë»ó,,,,,ºÏÇÑ
655,^^*,,,,,Áþ´Â
656,ÀçÁö,,,,,¹è½Å
657,ÈåÇãÂSÇãÇãÇã,,,,,³´´Ù
658,»Ñµí»Ñµí,,,,,½Ã±ÃÃ¢
659,¶Ñ,,,,,µå´Â
660,”j,,,,,¼¯ÀÎ
661,º¸¾Ò,,,,,ÁÖÀÇ
662,·©,,,,,ÀÌ¿ëÇÑ
663,˜¶,,,,,
664,??),,,,,Àú·¯
665,¹ö°Å¿ö,,,,,¸¸ÇØ
666,¹®,,,,,
667,±â³×,,,,,
668,´Ù´Ô,,,,,°É°í
669,¹¹¿¡ŸD,,,,,È®
670,³²¼ºÇø¿À,,,,,xxxxxxxx
671,ÀÚ·Î,,,,,
672,°Ô½Ã,,,,,Àß¸ø
673,¿ô°Ü,,,,,
674,ÀÚ¼­,,,,,
675,º¯,,,,,½â¾ú
676,¸Â†¶,,,,,´çÇÏ±æ
677,¤»¤¼¤»¤¼¤¼¤¼¤»¤»¤»¤»¤»¤»¤»,,,,,¹Ú¾Æ
678,Ãâ¼ÒÇÞ†ã,,,,,
679,¤»¤»¤»¤¢¤»¤»¤»¤»¤»¤»¤¡¤©¤·,,,,,
680,¿É»§,,,,,°É¿Ö
681,¤»¤»¤»¤»¤»¤»¤»¤»¤»¤»¤»¤»¤»¤»¤»¤»¤»¤»¤»¤»¤»¤»,,,,,Á¢ÀÚ
682,¿öÄ¡,,,,,
683,±â¸ð,,,,,¸¸µç
684,¤¾¤¾¤¾¤¾¤¾¤»¤»¤»¤»¤»¤»¤»¤»¤»¤»¤»¤»¤»,,,,,ÀÌ³Ä
685,°¡±¸,,,,,
686,·§,,,,,
687,¤»¤¡¤»¤¡¤¡¤»¤¡¤»¤¡¤»¤¡¤»¤¡¤»¤¡¤»,,,,,
688,¤¾¤Ñ¤¾¤Ñ¤¾¤Ñ¤¾,,,,,
689,¿©¼¸,,,,,!!!!!!!!!!!!!!!!!!
690,¾ÊÁö,,,,,¿À¼Ç¿ùµå
691,°³¿ôv,,,,,
692,¹ÝÀå,,,,,
693,Å°Å°µf,,,,,
694,ÁÁ¾ÆÁü,,,,,
695,½Ç¿ë,,,,,
696,¤»¤¼¤»¤»¤»¤»¤»¤»¤»,,,,,
697,ÀÏ¾î³ª¼­,,,,,
698,Ç®¹Ù,,,,,
699,½Í´Ù°Ï°Ï°Ï,,,,,
700,´çÈ²ÇÏ´õ,,,,,¹Ù°¡Áö
701,À§ÇØ¼­,,,,,»ç±â²Û
702,´ÑÀÚ,,,,,¾ï¿ïÇÏ¸é
703,²û,,,,,Ã¶º®
704,Áñ,,,,,
705,…¦ÆÁ,,,,,´ë¸ø
706,ºÎ·È´ø°Å,,,,,
707,¥ø,,,,,¿ä±¸ÇÏÁö
708,±×³ªÀú³ª,,,,,
709,¤Ð¤¸¤µ,,,,,
710,Â¯¿ôÇ,,,,,
711,¤¤¤»,,,,,
712,¤»¤»¤»¤·¤»,,,,,¾È°Ç
713,±Ý¼¼,,,,,ÁÖ¹ü
714,~~~~~~~?,,,,,
715,Ä£ÇØÁ³,,,,,´õ´Ï
716,½Å¼±Çß,,,,,¿¬´ëÃ¥ÀÓ
717,ÁF´Ï,,,,,ºÒÇÕ¸®
718,Àç¹Õ´Ù,,,,,Á×°í
719,È¯½É,,,,,ÇÏ°Ú
720,µ¹,,,,,µ¿¼º¾Ö
721,¹æÇÐ,,,,,´ëÅë·É
722,¤¡¤¡,,,,,
723,²¼,,,,,¾Æ´Ï²Å³Ä
724,¶ù,,,,,´Ã¾îÁö´Â
725,·Á´Ù°¡,,,,,»ç°¨
726,Á¶½ÉÇÏ¸é,,,,,
727,¿ô¥,,,,,°³ÆÇ
728,µå¼À,,,,,
729,¿¡Ÿç,,,,,»©¾Ö¾Ö¾Ö¾Ö¾Ö¾Ö
730,Àç¹ÌÀÖ¾î,,,,,¹»
731,´øÁ®,,,,,
732,¤»¤»¤»¤»¤»¤»¤»¤»¤»¤»¤»¤»¤»¤»¤»¤»¤»¤»¤»¤»¤»¤»¤»¤»¤»¤»¤»¤»¤»¤»¤»¤»¤»¤»¤»¤»¤»¤»¤»¤»¤»¤»¤»¤»¤»¤»¤»¤»¤»¤»¤»,,,,,¶ã
733,¿ô³×,,,,,
734,¾Æ†E,,,,,
735,½ÍÀ¸,,,,,¶á±Ý¾øÀÌ
736,¹Ù¹ç,,,,,
737,´Æ¸§,,,,,
738,100,,,,,ÆÈ¸°
739,Èý,,,,,
740,ÀÇ³à,,,,,¹ÞÀ¸
741,ÇÐ³â,,,,,°¡´ÉÇÒ
742,°É¾î°¡¸é,,,,,
743,µ¿»ý,,,,,¹è½ÅÀÚ
744,ÀÖ°Å,,,,,
745,Ã¤,,,,,³¤
746,¤»¤»¤»¤»¤»¤»¤»¤»¤»¤»¤»¤»¤»¤»¤»¤»¤»¤»¤»¤»¤»¤»¤»¤»¤»¤»¤»¤»¤»¤»,,,,,¾²·¹±â
747,´ë±â,,,,,Áú
748,Àç´Â,,,,,¸»²¿¸®
749,°³Àç,,,,,
750,^.^,,,,,°Ì´Ï
751,Ã£ÀÚ,,,,,
752,³­¿ÖÄÉ¿ô±â,,,,,
753,¿ôÇ,,,,,±â½º
754,´ë´Ù,,,,,
755,¼º°øÇÔ,,,,, º
756,ºÎÅ¹Çß,,,,,±îÀÚ
757,µè°í,,,,,
758,°æ»ç,,,,,
759,ÀÏÂï,,,,,¹¹¶óÇÏ¸é
760,!!!!!!!!!!!!!!!!!,,,,,ÀÌ±âÁÖÀÇ
761,¾ø´õ,,,,,¤Ç¤Ç¤Ç
762,¤Ð¤Ð¤»¤»,,,,,°ñ
763,Âü¿©ÇÑ,,,,,ºÎ¼ö
764,ÁÖ¸é,,,,,
765,¤¶¤µ¤¼¤º,,,,,
766,»çÇ×,,,,,¹Ùµé¹Ùµé
767,´«¶°,,,,,
768,ÇÞ³é,,,,,±Û·¯
769,Á¾,,,,,¾àÀÚ
770,ÂØ²û,,,,,
771,¤»¤»¤»¤»¤¡¤»,,,,,ÅÊÅÊ
772,½·,,,,,
773,ÀÔÇÐ,,,,,
774,´Ü¸®¹Ô›§,,,,,Âü³ª
775,Áö³»³Ä,,,,,¾ÇÇÃ
776,!><,,,,,Â÷¿ø
777,Äð,,,,,ÃÖ¼Ò
778,¤»¤»¤»¤¼¤¼¤¼¤»¤»¤¼¤»¤»¤»¤»¤»¤»,,,,,ÇÊ¿äÇÏ¸é
779,¤»¤»¤»¤»¤»¤»¤»¤»¤»¤»¤»¤»¤»¤»¤»¤»¤»¤»¤»¤»¤»¤»¤»¤»¤»¤»¤»¤»¤»¤»¤»¤»,,,,,¾¾¹ß
780,ÀÀ°¡,,,,,ÀÚ¶ö
781,¼ÒÈ¯,,,,,°³»ö°¼
782,¹«Åä,,,,,
783,ƒ™,,,,,
784,È÷ÀÌÀ×,,,,,ÀüÇô
785,¿ô°Ü¢žÀ½,,,,,¹¹ÀÓ
786,ÇåÇ÷,,,,,
787,Á¹±ÍÅÊ,,,,,½È¾îÇÏ½Ã
788,¤»¤»¤»¤»¤»¤»¤»¤»¤»¤»¤»¤»¤»¤»¤»¤»¤»¤»¤»¤»,,,,,¶³¾î
789,¤Ä¤¾,,,,,
790,¤»¤¼¤¼¤¼¤¼¤»¤»¤»,,,,,´çÇÔ
791,º£´ñºÁºÁ,,,,,
792,ÅÂ¾î³ª,,,,,
793,¹«·Á,,,,,
794,½Î¿ì¸é,,,,,´ã°Ü
795,ÇÜ¹ö°Å,,,,,ÇÕ¸®È­
796,Å×,,,,,Æó
797,“RÀ½,,,,,
798,¤¾¤¾¤¾¤¾¤¾¤¾¤¾¤¾¤¾¤¾¤¾¤¾¤¾¤¾¤¾¤¾¤¾¤¾¤¾¤¾¤¾¤¾¤¾¤¾¤¾¤¾¤¾¤¾¤¾¤¾¤¾¤¾¤¾¤¾¤¾¤¾,,,,,
799,²Û,,,,,
800,ÀÏ¼®ÀÌÁ¶,,,,,
801,¾ÈÇÔ,,,,,
802,¤·¤»¤¼¤¼¤¼,,,,,
803,Áö³ª°¡´Ù,,,,,
804,Â©,,,,,
805,Å©Èå,,,,,¾Æ°¡¸®
806,,,,,,
807,,,,,,
808,,,,,,
809,,,,,,
810,,,,,,µÐ°©
811,,,,,,°ÅÁþ¸»
812,,,,,,Die
813,,,,,,ÀåÈ²
814,,,,,,Ã¼ºÒ
815,,,,,,ºÎ¸¨
816,,,,,,½¬º¼
817,,,,,,
818,,,,,,
819,,,,,,
820,,,,,,µÚÁø
821,,,,,,ÅÐ
822,,,,,,
823,,,,,,
824,,,,,,Ä£ÀÏ
825,,,,,,ºñ½Î´Ï
826,,,,,,´õ·¯
827,,,,,,¶Ë
828,,,,,,
829,,,,,,Ã³
830,,,,,,¸Û°Ô
831,,,,,,¼³¸³ÇÏ´Â
832,,,,,,
833,,,,,,½ÉÁö¾î
834,,,,,,°¥ÀÌ
835,,,,,,´«°»
836,,,,,,
837,,,,,,
838,,,,,,..............
839,,,,,,¹àÇô
840,,,,,,±Ø
841,,,,,,°¨½ÎÁö
842,,,,,,´Ú´ÞÇÏ
843,,,,,,Äô
844,,,,,,ºÐÇÒ
845,,,,,,°ø°£
846,,,,,,Àúµý
847,,,,,,ÈÆ·Ã
848,,,,,,´ÚÃÄ
849,,,,,,¾Èµå
850,,,,,,
851,,,,,,ÁÖ¼¼
852,,,,,,
853,,,,,,
854,,,,,,Á×¿©
855,,,,,,Â¿±æ
856,,,,,,¼û±æ
857,,,,,,
858,,,,,,´ÚÄ¡
859,,,,,,
860,,,,,,´Þµµ
861,,,,,,¸Å±¹
862,,,,,,»ì¾Æ°¡´Â
863,,,,,,ÇØÀú
864,,,,,,»ç»ý
865,,,,,,ÃæºÐÈ÷
866,,,,,,ÀÌµç
867,,,,,,...!!
868,,,,,,
869,,,,,,»ç¾È
870,,,,,,ºüÁ³
871,,,,,,
872,,,,,,Àß¶ó
873,,,,,,
874,,,,,,½Ê³â
875,,,,,,ÇÏ°í¸¸
876,,,,,,
877,,,,,,Á¿¸Á
878,,,,,,´øÁö
879,,,,,,
880,,,,,,¸¶·ÃÇØ¾ß
881,,,,,,
882,,,,,,
883,,,,,,È¯³­
884,,,,,,½Î¿ì
885,,,,,,¼ö»ó
886,,,,,,³·´Ù
887,,,,,,
888,,,,,,¹«¸»
889,,,,,,
890,,,,,,Àß¸øµÇ
891,,,,,,
892,,,,,,
893,,,,,,ÆøÅº
894,,,,,,´ô¾î
895,,,,,,³»´Â
896,,,,,,¾Ì
897,,,,,,
898,,,,,,
899,,,,,,¾Ë·¹¸£±â
900,,,,,,°³±ØÇø
901,,,,,,½à½à
902,,,,,,»ý±â´Â
903,,,,,,ÇØº¸
904,,,,,,
905,,,,,,
906,,,,,,
907,,,,,,¸»·Î
908,,,,,,°¨ÀÓ
909,,,,,,²¨Á®
910,,,,,,´Ï²«
911,,,,,,ºü°¡µé
912,,,,,,
913,,,,,,°Çµ¥
914,,,,,,
915,,,,,,±Ã»ö
916,,,,,,À¸·Îµµ
917,,,,,,
918,,,,,,¤¶¤²
919,,,,,,ºÒÀÇ
920,,,,,,¿°º´
921,,,,,,·Ï
922,,,,,,
923,,,,,,
924,,,,,,
925,,,,,,µý¸»
926,,,,,,µî½Å
927,,,,,,ÀÜÀÎ
928,,,,,,¹°¾î
929,,,,,,
930,,,,,,
931,,,,,,ÅÍÁ®
932,,,,,,
933,,,,,,¸¸³ª·Á
934,,,,,,½ß
935,,,,,,Àû¾îµµ
936,,,,,,
937,,,,,,¹Ùº¸
938,,,,,,
939,,,,,,º°º°
940,,,,,,
941,,,,,,
942,,,,,,ÁöÀûÇÑ
943,,,,,,
944,,,,,,¹ßÈÖ
945,,,,,,Æä¹Ì
946,,,,,,°³½´Å°µé
947,,,,,,
948,,,,,,±ÝÁö
949,,,,,,
950,,,,,,¾ç½É
951,,,,,,
952,,,,,,
953,,,,,,
954,,,,,,¸·Àº
955,,,,,,¹ñ¾î
956,,,,,,Áö³ªµµ
957,,,,,,°Å¶õ
958,,,,,,
959,,,,,,
960,,,,,,ÇØº»
961,,,,,,¿ÇÁö
962,,,,,,
963,,,,,,ÇÔÈïÂ÷»ç
964,,,,,,´àÀº
965,,,,,,º¸Åë
966,,,,,,ÀÚ¸¶ÀÚ
967,,,,,,ºÙÀâ
968,,,,,,Â÷º°
969,,,,,,¼÷Ã»
970,,,,,,µé¾î¿Í
971,,,,,,
972,,,,,,´ÂÁöµµ
973,,,,,,
974,,,,,,ÁÖ°Ú
975,,,,,,ÇÏ´Ü
976,,,,,,´ø°¡
977,,,,,,¤´
978,,,,,,½Í³Ä
979,,,,,,¾î·Á¿öÁø
980,,,,,,
981,,,,,,
982,,,,,,
983,,,,,,ÀÏÀÓ
984,,,,,,µÎ°í
985,,,,,,
986,,,,,,ÂÊ
987,,,,,,
988,,,,,,À§
989,,,,,,Æ¼³ª
990,,,,,,ÀÏºÎ
991,,,,,,¹ö¸²
992,,,,,,»óºù½Å
993,,,,,,²¿
994,,,,,,¹ñ´Â
995,,,,,,
996,,,,,,
997,,,,,,¶§¸®´Â
998,,,,,,
999,,,,,,
1000,,,,,,»ª»ª
1001,,,,,,
1002,,,,,,ºñÃÄ
1003,,,,,,
1004,,,,,,
1005,,,,,,
1006,,,,,,
1007,,,,,,
1008,,,,,,¶ó±¸¿ä
1009,,,,,,
1010,,,,,,¶ó°í¿ä
1011,,,,,,Æ÷±âÇß
1012,,,,,,
1013,,,,,,¸é¼­µµ
1014,,,,,,
1015,,,,,,
1016,,,,,,
1017,,,,,,
1018,,,,,,
1019,,,,,,ÇøÀÏ
1020,,,,,,
1021,,,,,,
1022,,,,,,
1023,,,,,,
1024,,,,,,
1025,,,,,,
1026,,,,,,
1027,,,,,,ÃÄ´Ùº¸¸é
1028,,,,,,
1029,,,,,,
1030,,,,,,ÀÌ´ø
1031,,,,,,
1032,,,,,,¼û±â
1033,,,,,,
1034,,,,,,
1035,,,,,,¾¯ÀÍ¾¯ÀÍ
1036,,,,,,
1037,,,,,,
1038,,,,,,±×Àú²²
1039,,,,,,
1040,,,,,,
1041,,,,,,´ëº¯
1042,,,,,,µû±â
1043,,,,,,Ä¡´Â
1044,,,,,,
1045,,,,,,¹Ý´ëÇÕ
1046,,,,,,
1047,,,,,,
1048,,,,,,
1049,,,,,,
1050,,,,,,
1051,,,,,,
1052,,,,,,
1053,,,,,,
1054,,,,,,¹ÚÅ»
1055,,,,,,Áã¶öÇÏ´É
1056,,,,,,»õ±â
1057,,,,,,
1058,,,,,,
1059,,,,,,ÁöÃÄ
1060,,,,,,
1061,,,,,,
1062,,,,,,¿åÇÒ
1063,,,,,,ÀÎÇØ
1064,,,,,,¾È¾îº¡
1065,,,,,,¾î·Ã
1066,,,,,,°Å½½¸®´Â
1067,,,,,,
1068,,,,,,
1069,,,,,,°­ÇÏ°Ô
1070,,,,,,»çÁö
1071,,,,,,¸»·È
1072,,,,,,
1073,,,,,,
1074,,,,,,¤¸¤¸
1075,,,,,,
1076,,,,,,
1077,,,,,,±âµµ
1078,,,,,,¼Ì
1079,,,,,,¸¶¼¼
1080,,,,,,¼¾Ä¡
1081,,,,,,½¬ÆÞ
1082,,,,,,À¯¿¬
1083,,,,,,³ª°Ô
1084,,,,,,°¡°Ô
1085,,,,,,¹ÝÀÀ
1086,,,,,,
1087,,,,,,
1088,,,,,,½ÇÆÐÇÑ
1089,,,,,,¸ê½Ã
1090,,,,,,
1091,,,,,,¸Ó¸´¼Ó
1092,,,,,,ºÒÆíÇØµµ
1093,,,,,,±â·¹±âµé
1094,,,,,,
1095,,,,,,
1096,,,,,,¿¡¼±
1097,,,,,,
1098,,,,,,½à
1099,,,,,,
1100,,,,,,ÇÏµç
1101,,,,,,
1102,,,,,,µçÁö
1103,,,,,,È­³­
1104,,,,,,¾¾–à
1105,,,,,,
1106,,,,,,ÇØÃ¼
1107,,,,,,
1108,,,,,,
1109,,,,,,´Ü³ä
1110,,,,,,
1111,,,,,,
1112,,,,,,
1113,,,,,,¶óÀÌ
1114,,,,,,
1115,,,,,,
1116,,,,,,
1117,,,,,,µ·²Ã
1118,,,,,,Â¼
1119,,,,,,¾ø°Ô
1120,,,,,,¸¸³ª¼­
1121,,,,,,ÇÊ¿ä
1122,,,,,,Àç´Ü
1123,,,,,,
1124,,,,,,¤¢¤¸
1125,,,,,,
1126,,,,,,Áö³µ
1127,,,,,,
1128,,,,,,¾óÅÊ
1129,,,,,,²¿ÀÌ
1130,,,,,,Äç
1131,,,,,,
1132,,,,,,°è
1133,,,,,,È­³ªÁö
1134,,,,,,¤²¤µ
1135,,,,,,
1136,,,,,,»ç°úÇÏ¼¼
1137,,,,,,
1138,,,,,,
1139,,,,,,
1140,,,,,,
1141,,,,,,¼ºÆøÇà
1142,,,,,,
1143,,,,,,¾¯ÀÍ
1144,,,,,,
1145,,,,,,
1146,,,,,,
1147,,,,,,ÇÏ¹°¸ç
1148,,,,,,
1149,,,,,,
1150,,,,,,
1151,,,,,,
1152,,,,,,¾Ö¾×
1153,,,,,,
1154,,,,,,
1155,,,,,,
1156,,,,,,
